date,the_day_ahead_eur_mwh,split
2022-02-23,89.6,calibration
2022-02-24,126.67,calibration
2022-02-25,91.8,calibration
2022-02-26,91.8,calibration
2022-02-27,91.8,calibration
2022-02-28,99.04,calibration
2022-03-01,123.92,calibration
2022-03-02,176.06,calibration
2022-03-03,153.46,calibration
2022-03-04,190.77,calibration
2022-03-05,190.77,calibration
2022-03-06,190.77,calibration
2022-03-07,219.47,calibration
2022-03-08,209.88,calibration
2022-03-09,149.67,calibration
2022-03-10,121.35,calibration
2022-03-11,128.85,calibration
2022-03-12,128.85,calibration
2022-03-13,128.85,calibration
2022-03-14,109.8,calibration
2022-03-15,110.59,calibration
2022-03-16,97.52,calibration
2022-03-17,102.36,calibration
2022-03-18,98.42,calibration
2022-03-19,98.42,calibration
2022-03-20,98.42,calibration
2022-03-21,92.4,calibration
2022-03-22,94.39,calibration
2022-03-23,112.42,calibration
2022-03-24,101.24,calibration
2022-03-25,97.52,calibration
2022-03-26,97.52,calibration
2022-03-27,97.52,calibration
2022-03-28,101.77,calibration
2022-03-29,107.79,calibration
2022-03-30,116.44,calibration
2022-03-31,125.61,calibration
2022-04-01,112.09,calibration
2022-04-02,112.09,calibration
2022-04-03,112.09,calibration
2022-04-04,111.2,calibration
2022-04-05,108.53,calibration
2022-04-06,106.16,calibration
2022-04-07,103.45,calibration
2022-04-08,103.56,calibration
2022-04-09,103.56,calibration
2022-04-10,103.56,calibration
2022-04-11,101.03,calibration
2022-04-12,103.09,calibration
2022-04-13,104.32,calibration
2022-04-14,90.55,calibration
2022-04-15,90.55,calibration
2022-04-16,90.55,calibration
2022-04-17,90.55,calibration
2022-04-18,90.55,calibration
2022-04-19,92.26,calibration
2022-04-20,92.43,calibration
2022-04-21,97.94,calibration
2022-04-22,92.16,calibration
2022-04-23,92.16,calibration
2022-04-24,92.16,calibration
2022-04-25,93.75,calibration
2022-04-26,98.06,calibration
2022-04-27,106.15,calibration
2022-04-28,99.18,calibration
2022-04-29,96.53,calibration
2022-04-30,96.53,calibration
2022-05-01,96.53,calibration
2022-05-02,96.53,calibration
2022-05-03,97.37,calibration
2022-05-04,101.81,calibration
2022-05-05,99.23,calibration
2022-05-06,88.64,calibration
2022-05-07,88.64,calibration
2022-05-08,88.64,calibration
2022-05-09,83.83,calibration
2022-05-10,83.93,calibration
2022-05-11,82.08,calibration
2022-05-12,92.46,calibration
2022-05-13,91.47,calibration
2022-05-14,91.47,calibration
2022-05-15,91.47,calibration
2022-05-16,91.84,calibration
2022-05-17,93.53,calibration
2022-05-18,91.18,calibration
2022-05-19,87.8,calibration
2022-05-20,84.51,calibration
2022-05-21,84.51,calibration
2022-05-22,84.51,calibration
2022-05-23,77.77,calibration
2022-05-24,79.42,calibration
2022-05-25,80.66,calibration
2022-05-26,81.73,calibration
2022-05-27,83.45,calibration
2022-05-28,83.45,calibration
2022-05-29,83.45,calibration
2022-05-30,87.7,calibration
2022-05-31,86.91,calibration
2022-06-01,76.65,calibration
2022-06-02,76.65,calibration
2022-06-03,76.65,calibration
2022-06-04,76.65,calibration
2022-06-05,76.65,calibration
2022-06-06,78.4,calibration
2022-06-07,78.02,calibration
2022-06-08,76.81,calibration
2022-06-09,82.05,calibration
2022-06-10,79.52,calibration
2022-06-11,79.52,calibration
2022-06-12,79.52,calibration
2022-06-13,81.05,calibration
2022-06-14,96.14,calibration
2022-06-15,114.41,calibration
2022-06-16,117.87,calibration
2022-06-17,108.54,calibration
2022-06-18,108.54,calibration
2022-06-19,108.54,calibration
2022-06-20,116.37,calibration
2022-06-21,123.3,calibration
2022-06-22,124.99,calibration
2022-06-23,128.96,calibration
2022-06-24,126.4,calibration
2022-06-25,126.4,calibration
2022-06-26,126.4,calibration
2022-06-27,128.84,calibration
2022-06-28,129.78,calibration
2022-06-29,139.98,calibration
2022-06-30,144.62,calibration
2022-07-01,147.92,calibration
2022-07-02,147.92,calibration
2022-07-03,147.92,calibration
2022-07-04,163.01,calibration
2022-07-05,163.19,calibration
2022-07-06,172.61,calibration
2022-07-07,185.53,calibration
2022-07-08,170.06,calibration
2022-07-09,170.06,calibration
2022-07-10,170.06,calibration
2022-07-11,162.39,calibration
2022-07-12,173.68,calibration
2022-07-13,181.92,calibration
2022-07-14,172.04,calibration
2022-07-15,153.61,calibration
2022-07-16,153.61,calibration
2022-07-17,153.61,calibration
2022-07-18,155.89,calibration
2022-07-19,151.88,calibration
2022-07-20,153.83,calibration
2022-07-21,156.0,calibration
2022-07-22,159.21,calibration
2022-07-23,159.21,calibration
2022-07-24,159.21,calibration
2022-07-25,176.36,calibration
2022-07-26,202.58,calibration
2022-07-27,206.48,calibration
2022-07-28,200.31,calibration
2022-07-29,192.09,calibration
2022-07-30,192.09,calibration
2022-07-31,192.09,calibration
2022-08-01,199.86,calibration
2022-08-02,200.93,calibration
2022-08-03,196.27,calibration
2022-08-04,199.14,calibration
2022-08-05,193.58,calibration
2022-08-06,193.58,calibration
2022-08-07,193.58,calibration
2022-08-08,191.96,calibration
2022-08-09,192.11,calibration
2022-08-10,202.64,calibration
2022-08-11,206.9,calibration
2022-08-12,200.13,calibration
2022-08-13,200.13,calibration
2022-08-14,200.13,calibration
2022-08-15,216.97,calibration
2022-08-16,226.05,calibration
2022-08-17,225.35,calibration
2022-08-18,239.32,calibration
2022-08-19,246.21,calibration
2022-08-20,246.21,calibration
2022-08-21,246.21,calibration
2022-08-22,280.5,calibration
2022-08-23,268.49,calibration
2022-08-24,292.71,calibration
2022-08-25,312.27,calibration
2022-08-26,315.86,calibration
2022-08-27,315.86,calibration
2022-08-28,315.86,calibration
2022-08-29,315.86,calibration
2022-08-30,249.4,calibration
2022-08-31,232.02,calibration
2022-09-01,225.03,calibration
2022-09-02,181.52,calibration
2022-09-03,181.52,calibration
2022-09-04,181.52,calibration
2022-09-05,218.41,calibration
2022-09-06,231.9,calibration
2022-09-07,209.91,calibration
2022-09-08,209.37,calibration
2022-09-09,191.2,calibration
2022-09-10,191.2,calibration
2022-09-11,191.2,calibration
2022-09-12,186.1,calibration
2022-09-13,197.82,calibration
2022-09-14,216.42,calibration
2022-09-15,201.04,calibration
2022-09-16,165.83,calibration
2022-09-17,165.83,calibration
2022-09-18,165.83,calibration
2022-09-19,164.14,calibration
2022-09-20,174.77,calibration
2022-09-21,172.03,calibration
2022-09-22,172.61,calibration
2022-09-23,169.46,calibration
2022-09-24,169.46,calibration
2022-09-25,169.46,calibration
2022-09-26,168.76,calibration
2022-09-27,203.65,calibration
2022-09-28,201.87,calibration
2022-09-29,180.28,calibration
2022-09-30,159.7,calibration
2022-10-01,159.7,calibration
2022-10-02,159.7,calibration
2022-10-03,128.5,calibration
2022-10-04,89.9,calibration
2022-10-05,100.24,calibration
2022-10-06,129.04,calibration
2022-10-07,99.42,calibration
2022-10-08,99.42,calibration
2022-10-09,99.42,calibration
2022-10-10,103.52,calibration
2022-10-11,103.29,calibration
2022-10-12,103.38,calibration
2022-10-13,90.8,calibration
2022-10-14,65.73,calibration
2022-10-15,65.73,calibration
2022-10-16,65.73,calibration
2022-10-17,62.2,calibration
2022-10-18,63.94,calibration
2022-10-19,69.81,calibration
2022-10-20,59.45,calibration
2022-10-21,40.79,calibration
2022-10-22,40.79,calibration
2022-10-23,40.79,calibration
2022-10-24,27.9,calibration
2022-10-25,41.23,calibration
2022-10-26,43.87,calibration
2022-10-27,30.26,calibration
2022-10-28,35.44,calibration
2022-10-29,35.44,calibration
2022-10-30,35.44,calibration
2022-10-31,31.19,calibration
2022-11-01,22.4,calibration
2022-11-02,47.45,calibration
2022-11-03,69.1,calibration
2022-11-04,57.49,calibration
2022-11-05,57.49,calibration
2022-11-06,57.49,calibration
2022-11-07,64.99,calibration
2022-11-08,90.73,calibration
2022-11-09,88.84,calibration
2022-11-10,75.81,calibration
2022-11-11,67.63,calibration
2022-11-12,67.63,calibration
2022-11-13,67.63,calibration
2022-11-14,108.02,calibration
2022-11-15,116.16,calibration
2022-11-16,100.97,calibration
2022-11-17,107.12,calibration
2022-11-18,107.12,calibration
2022-11-19,107.12,calibration
2022-11-20,107.12,calibration
2022-11-21,113.07,calibration
2022-11-22,117.32,calibration
2022-11-23,126.36,calibration
2022-11-24,119.0,calibration
2022-11-25,125.69,calibration
2022-11-26,125.69,calibration
2022-11-27,125.69,calibration
2022-11-28,124.94,calibration
2022-11-29,133.52,calibration
2022-11-30,140.55,calibration
2022-12-01,136.63,calibration
2022-12-02,133.89,calibration
2022-12-03,133.89,calibration
2022-12-04,133.89,calibration
2022-12-05,135.38,calibration
2022-12-06,139.99,calibration
2022-12-07,149.13,calibration
2022-12-08,137.66,calibration
2022-12-09,143.72,calibration
2022-12-10,143.72,calibration
2022-12-11,143.72,calibration
2022-12-12,138.24,calibration
2022-12-13,138.43,calibration
2022-12-14,132.73,calibration
2022-12-15,135.09,calibration
2022-12-16,117.49,calibration
2022-12-17,117.49,calibration
2022-12-18,117.49,calibration
2022-12-19,107.15,calibration
2022-12-20,105.35,calibration
2022-12-21,94.66,calibration
2022-12-22,89.31,calibration
2022-12-23,80.53,calibration
2022-12-24,80.53,calibration
2022-12-25,80.53,calibration
2022-12-26,80.53,calibration
2022-12-27,80.53,calibration
2022-12-28,77.6,calibration
2022-12-29,79.78,calibration
2022-12-30,66.23,calibration
2022-12-31,66.23,calibration
2023-01-01,66.23,calibration
2023-01-02,66.23,calibration
2023-01-03,68.88,calibration
2023-01-04,63.11,calibration
2023-01-05,67.04,calibration
2023-01-06,66.44,calibration
2023-01-07,66.44,calibration
2023-01-08,66.44,calibration
2023-01-09,72.41,calibration
2023-01-10,66.86,calibration
2023-01-11,65.12,calibration
2023-01-12,65.82,calibration
2023-01-13,63.96,calibration
2023-01-14,63.96,calibration
2023-01-15,63.96,calibration
2023-01-16,56.55,calibration
2023-01-17,60.61,calibration
2023-01-18,62.61,calibration
2023-01-19,61.78,calibration
2023-01-20,68.88,calibration
2023-01-21,68.88,calibration
2023-01-22,68.88,calibration
2023-01-23,67.05,calibration
2023-01-24,59.3,calibration
2023-01-25,58.03,calibration
2023-01-26,56.37,calibration
2023-01-27,57.11,calibration
2023-01-28,57.11,calibration
2023-01-29,57.11,calibration
2023-01-30,56.28,calibration
2023-01-31,58.89,calibration
2023-02-01,60.48,calibration
2023-02-02,56.87,calibration
2023-02-03,59.9,calibration
2023-02-04,59.9,calibration
2023-02-05,59.9,calibration
2023-02-06,59.78,calibration
2023-02-07,56.38,calibration
2023-02-08,55.25,calibration
2023-02-09,54.44,calibration
2023-02-10,55.28,calibration
2023-02-11,55.28,calibration
2023-02-12,55.28,calibration
2023-02-13,52.98,calibration
2023-02-14,53.87,calibration
2023-02-15,55.11,calibration
2023-02-16,51.98,calibration
2023-02-17,49.31,calibration
2023-02-18,49.31,calibration
2023-02-19,49.31,calibration
2023-02-20,49.99,calibration
2023-02-21,49.47,calibration
2023-02-22,50.51,calibration
2023-02-23,50.81,calibration
2023-02-24,52.42,calibration
2023-02-25,52.42,calibration
2023-02-26,52.42,calibration
2023-02-27,48.9,calibration
2023-02-28,48.32,calibration
2023-03-01,49.09,calibration
2023-03-02,48.33,calibration
2023-03-03,47.2,calibration
2023-03-04,47.2,calibration
2023-03-05,47.2,calibration
2023-03-06,44.03,calibration
2023-03-07,45.62,calibration
2023-03-08,43.87,calibration
2023-03-09,46.11,calibration
2023-03-10,54.5,calibration
2023-03-11,54.5,calibration
2023-03-12,54.5,calibration
2023-03-13,49.73,calibration
2023-03-14,46.07,calibration
2023-03-15,43.86,calibration
2023-03-16,45.93,calibration
2023-03-17,42.4,calibration
2023-03-18,42.4,calibration
2023-03-19,42.4,calibration
2023-03-20,39.67,calibration
2023-03-21,41.67,calibration
2023-03-22,40.21,calibration
2023-03-23,43.67,calibration
2023-03-24,42.01,calibration
2023-03-25,42.01,calibration
2023-03-26,42.01,calibration
2023-03-27,43.86,calibration
2023-03-28,43.47,calibration
2023-03-29,42.97,calibration
2023-03-30,43.63,calibration
2023-03-31,48.91,calibration
2023-04-01,48.91,calibration
2023-04-02,48.91,calibration
2023-04-03,53.37,calibration
2023-04-04,48.28,calibration
2023-04-05,46.88,calibration
2023-04-06,44.15,calibration
2023-04-07,44.15,calibration
2023-04-08,44.15,calibration
2023-04-09,44.15,calibration
2023-04-10,44.15,calibration
2023-04-11,45.18,calibration
2023-04-12,44.94,calibration
2023-04-13,43.82,calibration
2023-04-14,42.5,calibration
2023-04-15,42.5,calibration
2023-04-16,42.5,calibration
2023-04-17,42.75,calibration
2023-04-18,44.12,calibration
2023-04-19,41.93,calibration
2023-04-20,41.85,calibration
2023-04-21,41.3,calibration
2023-04-22,41.3,calibration
2023-04-23,41.3,calibration
2023-04-24,40.48,calibration
2023-04-25,40.95,calibration
2023-04-26,39.94,calibration
2023-04-27,39.66,calibration
2023-04-28,39.26,calibration
2023-04-29,39.26,calibration
2023-04-30,39.26,calibration
2023-05-01,39.26,calibration
2023-05-02,38.0,calibration
2023-05-03,37.07,calibration
2023-05-04,35.66,calibration
2023-05-05,36.55,calibration
2023-05-06,36.55,calibration
2023-05-07,36.55,calibration
2023-05-08,36.55,calibration
2023-05-09,36.39,calibration
2023-05-10,35.54,calibration
2023-05-11,34.98,calibration
2023-05-12,32.42,calibration
2023-05-13,32.42,calibration
2023-05-14,32.42,calibration
2023-05-15,32.07,calibration
2023-05-16,32.54,calibration
2023-05-17,31.93,calibration
2023-05-18,30.11,calibration
2023-05-19,29.85,calibration
2023-05-20,29.85,calibration
2023-05-21,29.85,calibration
2023-05-22,29.47,calibration
2023-05-23,30.05,calibration
2023-05-24,28.38,calibration
2023-05-25,25.54,calibration
2023-05-26,24.56,calibration
2023-05-27,24.56,calibration
2023-05-28,24.56,calibration
2023-05-29,24.56,calibration
2023-05-30,25.67,calibration
2023-05-31,26.3,calibration
2023-06-01,23.57,calibration
2023-06-02,23.96,calibration
2023-06-03,23.96,calibration
2023-06-04,23.96,calibration
2023-06-05,28.97,calibration
2023-06-06,25.83,calibration
2023-06-07,26.86,calibration
2023-06-08,27.27,calibration
2023-06-09,32.24,calibration
2023-06-10,32.24,calibration
2023-06-11,32.24,calibration
2023-06-12,30.69,calibration
2023-06-13,35.97,calibration
2023-06-14,38.37,calibration
2023-06-15,41.36,calibration
2023-06-16,34.7,calibration
2023-06-17,34.7,calibration
2023-06-18,34.7,calibration
2023-06-19,35.19,calibration
2023-06-20,38.41,calibration
2023-06-21,37.8,calibration
2023-06-22,34.34,calibration
2023-06-23,32.76,calibration
2023-06-24,32.76,calibration
2023-06-25,32.76,calibration
2023-06-26,32.78,calibration
2023-06-27,35.18,calibration
2023-06-28,34.84,calibration
2023-06-29,34.78,calibration
2023-06-30,36.91,calibration
2023-07-01,36.91,calibration
2023-07-02,36.91,calibration
2023-07-03,34.28,calibration
2023-07-04,35.02,calibration
2023-07-05,34.26,calibration
2023-07-06,32.23,calibration
2023-07-07,32.93,calibration
2023-07-08,32.93,calibration
2023-07-09,32.93,calibration
2023-07-10,30.1,calibration
2023-07-11,29.02,calibration
2023-07-12,26.95,calibration
2023-07-13,26.45,calibration
2023-07-14,25.37,calibration
2023-07-15,25.37,calibration
2023-07-16,25.37,calibration
2023-07-17,25.43,calibration
2023-07-18,27.36,calibration
2023-07-19,26.81,calibration
2023-07-20,28.27,calibration
2023-07-21,27.7,calibration
2023-07-22,27.7,calibration
2023-07-23,27.7,calibration
2023-07-24,30.31,calibration
2023-07-25,32.69,calibration
2023-07-26,29.3,calibration
2023-07-27,28.4,calibration
2023-07-28,25.64,calibration
2023-07-29,25.64,calibration
2023-07-30,25.64,calibration
2023-07-31,27.27,calibration
2023-08-01,26.48,calibration
2023-08-02,27.88,calibration
2023-08-03,30.22,calibration
2023-08-04,28.82,calibration
2023-08-05,28.82,calibration
2023-08-06,28.82,calibration
2023-08-07,29.8,calibration
2023-08-08,29.79,calibration
2023-08-09,37.99,calibration
2023-08-10,35.01,calibration
2023-08-11,31.79,calibration
2023-08-12,31.79,calibration
2023-08-13,31.79,calibration
2023-08-14,32.11,calibration
2023-08-15,36.54,calibration
2023-08-16,35.35,calibration
2023-08-17,33.68,calibration
2023-08-18,34.34,calibration
2023-08-19,34.34,calibration
2023-08-20,34.34,calibration
2023-08-21,39.8,calibration
2023-08-22,42.9,calibration
2023-08-23,37.03,calibration
2023-08-24,32.2,calibration
2023-08-25,35.74,calibration
2023-08-26,35.74,calibration
2023-08-27,35.74,calibration
2023-08-28,35.74,calibration
2023-08-29,35.58,calibration
2023-08-30,36.14,calibration
2023-08-31,32.02,calibration
2023-09-01,32.61,calibration
2023-09-02,32.61,calibration
2023-09-03,32.61,calibration
2023-09-04,31.25,calibration
2023-09-05,33.04,calibration
2023-09-06,30.58,calibration
2023-09-07,32.83,calibration
2023-09-08,34.42,calibration
2023-09-09,34.42,calibration
2023-09-10,34.42,calibration
2023-09-11,37.63,calibration
2023-09-12,36.3,calibration
2023-09-13,37.72,calibration
2023-09-14,36.04,calibration
2023-09-15,36.73,calibration
2023-09-16,36.73,calibration
2023-09-17,36.73,calibration
2023-09-18,34.61,calibration
2023-09-19,37.86,calibration
2023-09-20,38.08,calibration
2023-09-21,39.64,calibration
2023-09-22,40.77,calibration
2023-09-23,40.77,calibration
2023-09-24,40.77,calibration
2023-09-25,45.4,calibration
2023-09-26,40.54,calibration
2023-09-27,40.2,calibration
2023-09-28,40.32,calibration
2023-09-29,37.3,calibration
2023-09-30,37.3,calibration
2023-10-01,37.3,calibration
2023-10-02,32.36,calibration
2023-10-03,29.65,calibration
2023-10-04,33.09,calibration
2023-10-05,28.2,calibration
2023-10-06,32.29,calibration
2023-10-07,32.29,calibration
2023-10-08,32.29,calibration
2023-10-09,38.96,calibration
2023-10-10,45.59,calibration
2023-10-11,44.8,calibration
2023-10-12,48.67,calibration
2023-10-13,54.52,calibration
2023-10-14,54.52,calibration
2023-10-15,54.52,calibration
2023-10-16,47.83,calibration
2023-10-17,45.43,calibration
2023-10-18,48.34,calibration
2023-10-19,45.01,calibration
2023-10-20,46.13,calibration
2023-10-21,46.13,calibration
2023-10-22,46.13,calibration
2023-10-23,48.03,calibration
2023-10-24,48.42,calibration
2023-10-25,49.3,calibration
2023-10-26,48.31,calibration
2023-10-27,47.5,calibration
2023-10-28,47.5,calibration
2023-10-29,47.5,calibration
2023-10-30,48.32,calibration
2023-10-31,40.38,calibration
2023-11-01,36.68,calibration
2023-11-02,39.89,calibration
2023-11-03,41.09,calibration
2023-11-04,41.09,calibration
2023-11-05,41.09,calibration
2023-11-06,41.19,calibration
2023-11-07,43.38,calibration
2023-11-08,43.86,calibration
2023-11-09,44.06,calibration
2023-11-10,43.59,calibration
2023-11-11,43.59,calibration
2023-11-12,43.59,calibration
2023-11-13,41.58,calibration
2023-11-14,44.24,calibration
2023-11-15,46.49,calibration
2023-11-16,45.92,calibration
2023-11-17,45.31,calibration
2023-11-18,45.31,calibration
2023-11-19,45.31,calibration
2023-11-20,46.4,calibration
2023-11-21,44.3,calibration
2023-11-22,44.98,calibration
2023-11-23,47.07,calibration
2023-11-24,47.55,calibration
2023-11-25,47.55,calibration
2023-11-26,47.55,calibration
2023-11-27,44.78,calibration
2023-11-28,44.57,calibration
2023-11-29,41.95,calibration
2023-11-30,41.56,calibration
2023-12-01,44.28,calibration
2023-12-02,44.28,calibration
2023-12-03,44.28,calibration
2023-12-04,40.49,calibration
2023-12-05,38.68,calibration
2023-12-06,39.42,calibration
2023-12-07,40.18,calibration
2023-12-08,38.75,calibration
2023-12-09,38.75,calibration
2023-12-10,38.75,calibration
2023-12-11,35.91,calibration
2023-12-12,34.85,calibration
2023-12-13,35.76,calibration
2023-12-14,34.75,calibration
2023-12-15,32.29,calibration
2023-12-16,32.29,calibration
2023-12-17,32.29,calibration
2023-12-18,35.15,calibration
2023-12-19,32.66,calibration
2023-12-20,33.16,calibration
2023-12-21,33.59,calibration
2023-12-22,33.03,calibration
2023-12-23,33.03,calibration
2023-12-24,33.03,calibration
2023-12-25,33.03,calibration
2023-12-26,33.03,calibration
2023-12-27,34.56,calibration
2023-12-28,31.76,calibration
2023-12-29,29.84,calibration
2023-12-30,29.84,calibration
2023-12-31,29.84,calibration
2024-01-01,29.84,calibration
2024-01-02,29.35,calibration
2024-01-03,32.28,calibration
2024-01-04,32.78,calibration
2024-01-05,35.1,calibration
2024-01-06,35.1,calibration
2024-01-07,35.1,calibration
2024-01-08,32.03,calibration
2024-01-09,31.78,calibration
2024-01-10,31.9,calibration
2024-01-11,31.41,calibration
2024-01-12,32.42,calibration
2024-01-13,32.42,calibration
2024-01-14,32.42,calibration
2024-01-15,30.63,calibration
2024-01-16,30.24,calibration
2024-01-17,28.2,calibration
2024-01-18,28.76,calibration
2024-01-19,28.73,calibration
2024-01-20,28.73,calibration
2024-01-21,28.73,calibration
2024-01-22,27.67,calibration
2024-01-23,27.47,calibration
2024-01-24,29.27,calibration
2024-01-25,27.63,calibration
2024-01-26,28.51,calibration
2024-01-27,28.51,calibration
2024-01-28,28.51,calibration
2024-01-29,28.75,calibration
2024-01-30,29.81,calibration
2024-01-31,30.01,calibration
2024-02-01,28.93,calibration
2024-02-02,29.01,calibration
2024-02-03,29.01,calibration
2024-02-04,29.01,calibration
2024-02-05,28.06,calibration
2024-02-06,29.01,calibration
2024-02-07,28.66,calibration
2024-02-08,27.61,calibration
2024-02-09,26.93,calibration
2024-02-10,26.93,calibration
2024-02-11,26.93,calibration
2024-02-12,25.82,calibration
2024-02-13,25.52,calibration
2024-02-14,24.96,calibration
2024-02-15,24.87,calibration
2024-02-16,24.71,calibration
2024-02-17,24.71,calibration
2024-02-18,24.71,calibration
2024-02-19,23.82,calibration
2024-02-20,24.1,calibration
2024-02-21,24.05,calibration
2024-02-22,23.14,calibration
2024-02-23,23.29,calibration
2024-02-24,23.29,calibration
2024-02-25,23.29,calibration
2024-02-26,24.09,calibration
2024-02-27,24.65,calibration
2024-02-28,25.48,calibration
2024-02-29,24.95,calibration
2024-03-01,25.89,calibration
2024-03-02,25.89,calibration
2024-03-03,25.89,calibration
2024-03-04,27.24,calibration
2024-03-05,27.56,calibration
2024-03-06,26.7,calibration
2024-03-07,26.03,calibration
2024-03-08,26.41,calibration
2024-03-09,26.41,calibration
2024-03-10,26.41,calibration
2024-03-11,25.04,calibration
2024-03-12,24.91,calibration
2024-03-13,24.8,calibration
2024-03-14,25.77,calibration
2024-03-15,27.06,calibration
2024-03-16,27.06,calibration
2024-03-17,27.06,calibration
2024-03-18,28.68,calibration
2024-03-19,28.66,calibration
2024-03-20,27.83,calibration
2024-03-21,26.31,calibration
2024-03-22,27.6,calibration
2024-03-23,27.6,calibration
2024-03-24,27.6,calibration
2024-03-25,28.17,calibration
2024-03-26,27.28,calibration
2024-03-27,27.59,calibration
2024-03-28,27.44,calibration
2024-03-29,27.44,calibration
2024-03-30,27.44,calibration
2024-03-31,27.44,calibration
2024-04-01,27.44,calibration
2024-04-02,26.51,calibration
2024-04-03,25.69,calibration
2024-04-04,25.91,calibration
2024-04-05,26.35,calibration
2024-04-06,26.35,calibration
2024-04-07,26.35,calibration
2024-04-08,27.66,calibration
2024-04-09,27.34,calibration
2024-04-10,27.24,calibration
2024-04-11,29.29,calibration
2024-04-12,30.12,calibration
2024-04-13,30.12,calibration
2024-04-14,30.12,calibration
2024-04-15,31.48,calibration
2024-04-16,33.67,calibration
2024-04-17,31.8,calibration
2024-04-18,32.66,calibration
2024-04-19,31.3,calibration
2024-04-20,31.3,calibration
2024-04-21,31.3,calibration
2024-04-22,29.89,calibration
2024-04-23,28.97,calibration
2024-04-24,29.95,calibration
2024-04-25,30.41,calibration
2024-04-26,28.83,calibration
2024-04-27,28.83,calibration
2024-04-28,28.83,calibration
2024-04-29,27.66,calibration
2024-04-30,28.86,calibration
2024-05-01,28.86,calibration
2024-05-02,30.71,calibration
2024-05-03,30.06,calibration
2024-05-04,30.06,calibration
2024-05-05,30.06,calibration
2024-05-06,30.06,calibration
2024-05-07,31.13,calibration
2024-05-08,30.34,calibration
2024-05-09,30.57,calibration
2024-05-10,29.43,calibration
2024-05-11,29.43,calibration
2024-05-12,29.43,calibration
2024-05-13,28.76,calibration
2024-05-14,28.99,calibration
2024-05-15,29.34,calibration
2024-05-16,30.11,calibration
2024-05-17,30.27,calibration
2024-05-18,30.27,calibration
2024-05-19,30.27,calibration
2024-05-20,32.03,calibration
2024-05-21,32.92,calibration
2024-05-22,34.42,calibration
2024-05-23,35.43,calibration
2024-05-24,34.21,calibration
2024-05-25,34.21,calibration
2024-05-26,34.21,calibration
2024-05-27,34.21,calibration
2024-05-28,33.8,calibration
2024-05-29,34.23,calibration
2024-05-30,34.99,calibration
2024-05-31,34.34,calibration
2024-06-01,34.34,calibration
2024-06-02,34.34,calibration
2024-06-03,35.9,calibration
2024-06-04,33.92,calibration
2024-06-05,33.24,calibration
2024-06-06,33.24,calibration
2024-06-07,32.92,calibration
2024-06-08,32.92,calibration
2024-06-09,32.92,calibration
2024-06-10,34.44,calibration
2024-06-11,34.27,calibration
2024-06-12,35.14,calibration
2024-06-13,35.38,calibration
2024-06-14,35.16,calibration
2024-06-15,35.16,calibration
2024-06-16,35.16,calibration
2024-06-17,34.26,calibration
2024-06-18,34.34,calibration
2024-06-19,35.15,calibration
2024-06-20,34.01,calibration
2024-06-21,33.73,calibration
2024-06-22,33.73,calibration
2024-06-23,33.73,calibration
2024-06-24,33.96,calibration
2024-06-25,34.65,calibration
2024-06-26,33.74,calibration
2024-06-27,33.99,calibration
2024-06-28,33.93,calibration
2024-06-29,33.93,calibration
2024-06-30,33.93,calibration
2024-07-01,33.09,calibration
2024-07-02,33.19,calibration
2024-07-03,32.35,calibration
2024-07-04,32.83,calibration
2024-07-05,32.61,calibration
2024-07-06,32.61,calibration
2024-07-07,32.61,calibration
2024-07-08,31.69,calibration
2024-07-09,30.75,calibration
2024-07-10,30.42,calibration
2024-07-11,30.77,calibration
2024-07-12,31.47,calibration
2024-07-13,31.47,calibration
2024-07-14,31.47,calibration
2024-07-15,30.99,calibration
2024-07-16,32.55,calibration
2024-07-17,31.54,calibration
2024-07-18,32.16,calibration
2024-07-19,31.65,calibration
2024-07-20,31.65,calibration
2024-07-21,31.65,calibration
2024-07-22,31.47,calibration
2024-07-23,31.16,calibration
2024-07-24,32.37,calibration
2024-07-25,31.57,calibration
2024-07-26,32.23,calibration
2024-07-27,32.23,calibration
2024-07-28,32.23,calibration
2024-07-29,33.57,calibration
2024-07-30,34.09,calibration
2024-07-31,35.01,calibration
2024-08-01,35.96,calibration
2024-08-02,35.99,calibration
2024-08-03,35.99,calibration
2024-08-04,35.99,calibration
2024-08-05,34.97,calibration
2024-08-06,35.91,calibration
2024-08-07,37.79,calibration
2024-08-08,39.4,calibration
2024-08-09,39.4,calibration
2024-08-10,39.4,calibration
2024-08-11,39.4,calibration
2024-08-12,38.8,calibration
2024-08-13,38.23,calibration
2024-08-14,38.16,calibration
2024-08-15,38.57,calibration
2024-08-16,38.84,calibration
2024-08-17,38.84,calibration
2024-08-18,38.84,calibration
2024-08-19,39.05,calibration
2024-08-20,37.1,calibration
2024-08-21,36.25,calibration
2024-08-22,35.85,calibration
2024-08-23,36.76,calibration
2024-08-24,36.76,calibration
2024-08-25,36.76,calibration
2024-08-26,36.76,calibration
2024-08-27,38.27,calibration
2024-08-28,38.46,calibration
2024-08-29,38.47,calibration
2024-08-30,39.34,calibration
2024-08-31,39.34,calibration
2024-09-01,39.34,calibration
2024-09-02,38.54,calibration
2024-09-03,37.12,calibration
2024-09-04,35.59,calibration
2024-09-05,35.54,calibration
2024-09-06,36.29,calibration
2024-09-07,36.29,calibration
2024-09-08,36.29,calibration
2024-09-09,36.78,calibration
2024-09-10,35.06,calibration
2024-09-11,36.22,calibration
2024-09-12,35.41,calibration
2024-09-13,35.91,calibration
2024-09-14,35.91,calibration
2024-09-15,35.91,calibration
2024-09-16,34.3,calibration
2024-09-17,35.25,calibration
2024-09-18,35.03,calibration
2024-09-19,32.63,calibration
2024-09-20,34.47,calibration
2024-09-21,34.47,calibration
2024-09-22,34.47,calibration
2024-09-23,36.26,calibration
2024-09-24,36.02,calibration
2024-09-25,37.47,calibration
2024-09-26,37.84,calibration
2024-09-27,38.53,calibration
2024-09-28,38.53,calibration
2024-09-29,38.53,calibration
2024-09-30,39.37,calibration
2024-10-01,39.81,calibration
2024-10-02,39.12,calibration
2024-10-03,40.09,calibration
2024-10-04,41.24,calibration
2024-10-05,41.24,calibration
2024-10-06,41.24,calibration
2024-10-07,40.52,calibration
2024-10-08,38.81,calibration
2024-10-09,38.41,calibration
2024-10-10,40.33,calibration
2024-10-11,40.21,calibration
2024-10-12,40.21,calibration
2024-10-13,40.21,calibration
2024-10-14,40.74,calibration
2024-10-15,39.89,calibration
2024-10-16,39.32,calibration
2024-10-17,39.77,calibration
2024-10-18,39.19,calibration
2024-10-19,39.19,calibration
2024-10-20,39.19,calibration
2024-10-21,40.26,calibration
2024-10-22,41.47,calibration
2024-10-23,41.86,calibration
2024-10-24,42.56,calibration
2024-10-25,43.64,calibration
2024-10-26,43.64,calibration
2024-10-27,43.64,calibration
2024-10-28,42.92,calibration
2024-10-29,42.95,calibration
2024-10-30,41.09,calibration
2024-10-31,39.97,calibration
2024-11-01,39.13,calibration
2024-11-02,39.13,calibration
2024-11-03,39.13,calibration
2024-11-04,40.53,calibration
2024-11-05,40.98,calibration
2024-11-06,41.01,calibration
2024-11-07,41.8,calibration
2024-11-08,42.55,calibration
2024-11-09,42.55,calibration
2024-11-10,42.55,calibration
2024-11-11,44.82,calibration
2024-11-12,44.65,calibration
2024-11-13,44.49,calibration
2024-11-14,46.8,calibration
2024-11-15,46.81,calibration
2024-11-16,46.81,calibration
2024-11-17,46.81,calibration
2024-11-18,47.65,calibration
2024-11-19,46.41,calibration
2024-11-20,47.75,calibration
2024-11-21,49.46,calibration
2024-11-22,47.88,calibration
2024-11-23,47.88,calibration
2024-11-24,47.88,calibration
2024-11-25,48.44,calibration
2024-11-26,47.57,calibration
2024-11-27,47.58,calibration
2024-11-28,47.07,calibration
2024-11-29,48.01,calibration
2024-11-30,48.01,calibration
2024-12-01,48.01,calibration
2024-12-02,49.3,calibration
2024-12-03,49.07,calibration
2024-12-04,47.64,calibration
2024-12-05,46.81,calibration
2024-12-06,46.66,calibration
2024-12-07,46.66,calibration
2024-12-08,46.66,calibration
2024-12-09,45.95,calibration
2024-12-10,46.29,calibration
2024-12-11,45.64,calibration
2024-12-12,43.6,calibration
2024-12-13,42.04,calibration
2024-12-14,42.04,calibration
2024-12-15,42.04,calibration
2024-12-16,40.77,calibration
2024-12-17,42.36,calibration
2024-12-18,41.43,calibration
2024-12-19,43.66,calibration
2024-12-20,44.4,calibration
2024-12-21,44.4,calibration
2024-12-22,44.4,calibration
2024-12-23,46.11,calibration
2024-12-24,46.896667,calibration
2024-12-25,46.896667,calibration
2024-12-26,46.896667,calibration
2024-12-27,48.4,calibration
2024-12-28,48.4,calibration
2024-12-29,48.4,calibration
2024-12-30,48.33,calibration
2024-12-31,49.71,calibration
